272250;Test Event;31/12/2024;Description;Location;11111
304192;Event1;01/12/2024;Event Description;Event Location;11111
263351;Updated Event;31/12/2024;Updated Description;Updated Location;11111
019284;Event5;01/12/2024;Event Description;Event Location;11111
268722;Test Event;31/12/2024;Description;Location;11111
124421;Event6;01/12/2024;Event Description;Event Location;11111
355356;Event3;01/12/2024;Event Description;Event Location;11111
877356;Event4;01/12/2024;Event Description;Event Location;11111
269690;New Event;01/11/2024;New Description;New Location;11111
643636;Event8;01/12/2024;Event Description;Event Location;11111
